{
  "train_loss": [
    0.04497432144474633,
    0.04512948338328625,
    0.03910709056286527,
    0.042689247954902906,
    0.03769354486391635,
    0.03843786974313072,
    0.03779082306476164,
    0.03535301597522838,
    0.033383642794341195,
    0.034070795825210484,
    0.03468065147024198,
    0.03412233892246686,
    0.035601840140448225,
    0.03363560798711011,
    0.03174177624772342,
    0.03310783413208781,
    0.0326975004770042,
    0.03188796782375781,
    0.03391058727750696,
    0.03263568037287718
  ],
  "val_loss": [
    0.019489203084339487,
    0.016931931017600793,
    0.015771964242919646,
    0.014744749827746382,
    0.014185262660674275,
    0.01322469612870841,
    0.013432486002591061,
    0.013821246107406121,
    0.012773283886069313,
    0.012556938030955164,
    0.012206258847962748,
    0.012403466436576019,
    0.012067245532500935,
    0.01203542815501544,
    0.011849427095396405,
    0.011838575064680203,
    0.011624379138006492,
    0.011773696382272434,
    0.01200667064280269,
    0.011845560863297036
  ],
  "lr": [
    0.005,
    0.005,
    0.005,
    0.005,
    0.005,
    0.005,
    0.005,
    0.0005,
    0.0005,
    0.0005,
    0.0005,
    0.0005,
    0.0005,
    0.0005,
    0.0005,
    5e-05,
    5e-05,
    5e-05,
    5e-05,
    5e-05
  ]
}